select ab,ac,ad,ae,af,ag from tTableGram_tmp.link/tTable_2.data_v0 sh where ab>2 && (ae<10 || ae>11.0) && ag!= 10 + 1i orderby ac desc,ab giving tTableGram_tmp.data2
    has been executed
    5 rows selected
6 selected columns:  ab ac ad ae af ag
 9 10 11 12 V9 (11,0)
 6 7 8 9 V6 (8,0)
 5 6 7 8 V5 (7,0)
 4 5 6 7 V4 (6,0)
 3 4 5 6 V3 (5,0)
select ab,ac,ad,ae,af,ag from tTableGram_tmp.data2
    has been executed
    5 rows selected
6 selected columns:  ab ac ad ae af ag
 9 10 11 12 V9 (11,0)
 6 7 8 9 V6 (8,0)
 5 6 7 8 V5 (7,0)
 4 5 6 7 V4 (6,0)
 3 4 5 6 V3 (5,0)
select ab,ac,ad,ae,af,ag from tTableGram_tmp.data2 orderby af
    has been executed
    5 rows selected
6 selected columns:  ab ac ad ae af ag
 3 4 5 6 V3 (5,0)
 4 5 6 7 V4 (6,0)
 5 6 7 8 V5 (7,0)
 6 7 8 9 V6 (8,0)
 9 10 11 12 V9 (11,0)
select ab from tTableGram_tmp.link/tTable_2.data_v0 where ab==2^1^2 || ab==-2^-1*8/-2*3
    has been executed
    2 rows selected
1 selected columns:  ab
 2
 6
select ab,ac,af from tTableGram_tmp.link/tTable_2.data_v0 where lower(af) == regex("v[01279]")
    has been executed
    5 rows selected
3 selected columns:  ab ac af
 0 1 V0
 1 2 V1
 2 3 V2
 7 8 V7
 9 10 V9
select ab,ac,af from tTableGram_tmp.link/tTable_2.data_v0 where af == pattern("?{3,5,8}")
    has been executed
    3 rows selected
3 selected columns:  ab ac af
 3 4 V3
 5 6 V5
 8 9 V8
select ab,ac from tTableGram_tmp.link/tTable_2.data_v0 where ab%1.5==0
    has been executed
    4 rows selected
2 selected columns:  ab ac
 0 1
 3 4
 6 7
 9 10
select ab,ac from tTableGram_tmp.link/tTable_2.data_v0 where arr1[1,1,1]>=10 && arr2[1,1,1]<120
    has been executed
    4 rows selected
2 selected columns:  ab ac
 1 2
 2 3
 3 4
 4 5
select from tTableGram_tmp.link/tTable_2.data_v0 where arr1[1,1,1]>=10 && arr2[1,1,1]<120
    has been executed
    4 rows selected
0 selected columns: 
select ab,ac from tTableGram_tmp.link/tTable_2.data_v0 where arr1[1,1,1+ab%1]>=192 orderby ad desc
    has been executed
    2 rows selected
2 selected columns:  ab ac
 9 10
 8 9
select ab,ac from tTableGram_tmp.link/tTable_2.data_v0 where cos(2d0m) <= sin(-2d)*sin(-ab/180*pi()) + cos(-2deg)*cos(-ab/180*pi())*cos(3d - ac/180*pi())
    has been executed
    3 rows selected
2 selected columns:  ab ac
 1 2
 2 3
 3 4
select ab,ac,ad,ae,af,ag from tTableGram_tmp.link/tTable_2.data_v0 where ab+ac+ad+ae+real(ag) >= year(31-12-60) + year("31Dec60") + month(1990/5/12) + day(date(1990/1/30/12h14m33.3)) - 3910
    has been executed
    2 rows selected
6 selected columns:  ab ac ad ae af ag
 8 9 10 11 V8 (10,0)
 9 10 11 12 V9 (11,0)
select ab,ac,af from tTableGram_tmp.link/tTable_2.data_v0 where ab>5 orderby af desc, ac
    has been executed
    4 rows selected
3 selected columns:  ab ac af
 9 10 V9
 8 9 V8
 7 8 V7
 6 7 V6
select ab,ac,af from tTableGram_tmp.link/tTable_2.data_v0 orderby arr1[1,1,1]
    has been executed
    10 rows selected
3 selected columns:  ab ac af
 0 1 V0
 1 2 V1
 2 3 V2
 3 4 V3
 4 5 V4
 5 6 V5
 6 7 V6
 7 8 V7
 8 9 V8
 9 10 V9
select ab,ac from tTableGram_tmp.link/tTable_2.data_v0 orderby round(2*sin(ab)),ac desc
    has been executed
    10 rows selected
2 selected columns:  ab ac
 5 6
 4 5
 6 7
 3 4
 0 1
 9 10
 7 8
 8 9
 2 3
 1 2
select ab,ac from tTableGram_tmp.link/tTable_2.data_v0 where ab < mean([3:6,ab])
    has been executed
    5 rows selected
2 selected columns:  ab ac
 0 1
 1 2
 2 3
 3 4
 4 5
select ab,ac from tTableGram_tmp.link/tTable_2.data_v0 where ab IN [select ac from tTableGram_tmp.link/tTable_2.data_v0 where ab>4]
    has been executed
    4 rows selected
2 selected columns:  ab ac
 6 7
 7 8
 8 9
 9 10
select ab,ac from tTableGram_tmp.link/tTable_2.data_v0 where ab IN [:=2,4=:<6,7<:]
    has been executed
    7 rows selected
2 selected columns:  ab ac
 0 1
 1 2
 2 3
 4 5
 5 6
 8 9
 9 10
select ab,ac from tTableGram_tmp.link/tTable_2.data_v0 where ab IN [select from tTableGram_tmp.link/tTable_2.data_v0 where ab>4 giving [ac=:=ac+0.5]]
    has been executed
    4 rows selected
2 selected columns:  ab ac
 6 7
 7 8
 8 9
 9 10
select ab,ac from tTableGram_tmp.link/tTable_2.data_v0 where ab IN arr1
    has been executed
    1 rows selected
2 selected columns:  ab ac
 0 1
select ab,ac from tTableGram_tmp.link/tTable_2.data_v0 where any(arr1 > 100  &&  arr1<200)
    has been executed
    5 rows selected
2 selected columns:  ab ac
 4 5
 5 6
 6 7
 7 8
 8 9
select ab,ac from tTableGram_tmp.link/tTable_2.data_v0 where count(shape(arr1))==3 && count(ab)==1 && ndim(ac)==0 && isdefined(arr2)
    has been executed
    10 rows selected
2 selected columns:  ab ac
 0 1
 1 2
 2 3
 3 4
 4 5
 5 6
 6 7
 7 8
 8 9
 9 10
select ab,ac from tTableGram_tmp.link/tTable_2.data_v0 where ab in ab
    has been executed
    10 rows selected
2 selected columns:  ab ac
 0 1
 1 2
 2 3
 3 4
 4 5
 5 6
 6 7
 7 8
 8 9
 9 10
select ab,ac from tTableGram_tmp.link/tTable_2.data_v0 where any(arr1 in ab)
    has been executed
    1 rows selected
2 selected columns:  ab ac
 0 1
select ab,ac from tTableGram_tmp.link/tTable_2.data_v0 where (ab=ab)=T
    has been executed
    10 rows selected
2 selected columns:  ab ac
 0 1
 1 2
 2 3
 3 4
 4 5
 5 6
 6 7
 7 8
 8 9
 9 10
select ab,ac from tTableGram_tmp.link/tTable_2.data_v0 where (ab=ab)=F
    has been executed
    0 rows selected
2 selected columns:  ab ac
select ab,ac from tTableGram_tmp.link/tTable_2.data_v0 where rownumber()==rowid()+1
    has been executed
    10 rows selected
2 selected columns:  ab ac
 0 1
 1 2
 2 3
 3 4
 4 5
 5 6
 6 7
 7 8
 8 9
 9 10
select ab,ac from [select from tTableGram_tmp.link/tTable_2.data_v0 where ab > 4] where ab < 6
    has been executed
    1 rows selected
2 selected columns:  ab ac
 5 6
select ab,ac from [select from tTableGram_tmp.link/tTable_2.data_v0 where ab > 4] TEMPTAB, tTableGram_tmp.link/tTable_2.data_v0 where any([ab,ac] in [select ac from TEMPTAB])
    has been executed
    5 rows selected
2 selected columns:  ab ac
 5 6
 6 7
 7 8
 8 9
 9 10
select ab,ac from tTableGram_tmp.link/tTable_2.data_v0 where ac in [select from tTableGram_tmp.link/tTable_2.data_v0 where ac in [4,6] giving [rowid()]]
    has been executed
    2 rows selected
2 selected columns:  ab ac
 2 3
 4 5
